{
  "tickers": [
    "CRWD",
    "DDOG",
    "DOCU",
    "ENPH",
    "ETSY",
    "FSLR",
    "LYFT",
    "MDB",
    "NET",
    "OKTA",
    "PINS",
    "PLUG",
    "ROKU",
    "RUN",
    "SNAP",
    "SQ",
    "TWLO",
    "UAL",
    "UBER",
    "ZM"
  ],
  "portfolio_metrics": {
    "mean_reward": 44.66998791694641,
    "std_reward": 0.0,
    "mean_length": 79.0,
    "std_length": 0.0,
    "max_reward": 44.66998791694641,
    "min_reward": 44.66998791694641,
    "total_return": 0.0004256999999997788,
    "annual_return": 0.0014866820963594929,
    "annual_volatility": 0.016092544848532304,
    "sharpe_ratio": 0.0923149489386919,
    "max_drawdown": -0.007538934185974067,
    "calmar_ratio": 0.1970547057189064,
    "win_rate": 1.0,
    "profit_factor": 154490000000001.25,
    "sortino_ratio": 0.10951975018765644,
    "total_trades": 3,
    "long_trades": 2,
    "short_trades": 1,
    "avg_duration_minutes": 78.0,
    "avg_duration_minutes_long": 78.0,
    "avg_duration_minutes_short": 78.0,
    "avg_pnl": 51.49666666666709,
    "avg_pnl_long": 48.749999999999716,
    "avg_pnl_short": 56.99000000000183
  }
}